{"headers":{},"body":[{"longitude":"114.003853","latitude":"24.362807","deviceSum":128,"deviceOnlineNum":null},{"longitude":"114.173345","latitude":"24.383763","deviceSum":128,"deviceOnlineNum":null},{"longitude":"114.307784","latitude":"24.117348","deviceSum":128,"deviceOnlineNum":null},{"longitude":"113.824791","latitude":"24.967555","deviceSum":128,"deviceOnlineNum":null},{"longitude":"111.794235","latitude":"22.167724","deviceSum":256,"deviceOnlineNum":null},{"longitude":"112.470368","latitude":"23.028559","deviceSum":128,"deviceOnlineNum":null},{"longitude":"112.166716","latitude":"24.048223","deviceSum":128,"deviceOnlineNum":null},{"longitude":"113.552393","latitude":"22.224905","deviceSum":128,"deviceOnlineNum":null},{"longitude":"116.574704","latitude":"23.661717","deviceSum":128,"deviceOnlineNum":null},{"longitude":"116.628747","latitude":"23.653228","deviceSum":128,"deviceOnlineNum":null},{"longitude":"113.310470","latitude":"24.031211","deviceSum":128,"deviceOnlineNum":null},{"longitude":"110.457300","latitude":"21.243655","deviceSum":128,"deviceOnlineNum":null},{"longitude":"110.249213","latitude":"21.366169","deviceSum":128,"deviceOnlineNum":null},{"longitude":"114.494179","latitude":"24.362848","deviceSum":128,"deviceOnlineNum":null},{"longitude":"114.704377","latitude":"23.747077","deviceSum":128,"deviceOnlineNum":null},{"longitude":"110.289565","latitude":"21.604974","deviceSum":128,"deviceOnlineNum":null},{"longitude":"114.126090","latitude":"24.520948","deviceSum":128,"deviceOnlineNum":null},{"longitude":"115.079853","latitude":"24.356393","deviceSum":128,"deviceOnlineNum":null},{"longitude":"112.446827","latitude":"22.383412","deviceSum":128,"deviceOnlineNum":null},{"longitude":"112.495787","latitude":"22.472274","deviceSum":256,"deviceOnlineNum":null},{"longitude":"110.942856","latitude":"22.349543","deviceSum":128,"deviceOnlineNum":null},{"longitude":"112.837486","latitude":"22.056768","deviceSum":128,"deviceOnlineNum":null},{"longitude":"110.289565","latitude":"21.604974","deviceSum":128,"deviceOnlineNum":null},{"longitude":"112.183286","latitude":"23.916221","deviceSum":128,"deviceOnlineNum":null},{"longitude":"115.630002","latitude":"22.950882","deviceSum":128,"deviceOnlineNum":null},{"longitude":"116.683798","latitude":"23.356870","deviceSum":128,"deviceOnlineNum":null},{"longitude":"116.594817","latitude":"23.256692","deviceSum":128,"deviceOnlineNum":null},{"longitude":"114.700508","latitude":"23.763297","deviceSum":128,"deviceOnlineNum":null},{"longitude":"110.184089","latitude":"20.329272","deviceSum":128,"deviceOnlineNum":null},{"longitude":"116.588657","latitude":"23.243011","deviceSum":128,"deviceOnlineNum":null},{"longitude":"114.851421","latitude":"23.496167","deviceSum":128,"deviceOnlineNum":null},{"longitude":"116.594760","latitude":"23.256700","deviceSum":128,"deviceOnlineNum":null},{"longitude":"116.486504","latitude":"23.195521","deviceSum":128,"deviceOnlineNum":null},{"longitude":"114.704377","latitude":"23.747077","deviceSum":128,"deviceOnlineNum":null},{"longitude":"117.030249","latitude":"23.417729","deviceSum":128,"deviceOnlineNum":null},{"longitude":"116.197144","latitude":"24.739388","deviceSum":128,"deviceOnlineNum":null},{"longitude":"110.542243","latitude":"21.470067","deviceSum":128,"deviceOnlineNum":null},{"longitude":"116.129043","latitude":"24.288977","deviceSum":128,"deviceOnlineNum":null},{"longitude":"115.381761","latitude":"24.043974","deviceSum":128,"deviceOnlineNum":null},{"longitude":"116.126947","latitude":"24.317354","deviceSum":128,"deviceOnlineNum":null},{"longitude":"116.767428","latitude":"24.299582","deviceSum":128,"deviceOnlineNum":null},{"longitude":"115.760460","latitude":"24.134116","deviceSum":128,"deviceOnlineNum":null},{"longitude":"116.537058","latitude":"24.346966","deviceSum":128,"deviceOnlineNum":null},{"longitude":"115.736449","latitude":"24.143392","deviceSum":128,"deviceOnlineNum":null},{"longitude":"114.934447","latitude":"24.446587","deviceSum":128,"deviceOnlineNum":null},{"longitude":"115.702999","latitude":"23.993003","deviceSum":128,"deviceOnlineNum":null},{"longitude":"115.761023","latitude":"23.919917","deviceSum":128,"deviceOnlineNum":null},{"longitude":"113.969762","latitude":"23.566018","deviceSum":128,"deviceOnlineNum":null},{"longitude":"114.474753","latitude":"22.779474","deviceSum":128,"deviceOnlineNum":null},{"longitude":"110.244145","latitude":"21.371889","deviceSum":128,"deviceOnlineNum":null},{"longitude":"110.706702","latitude":"22.003524","deviceSum":128,"deviceOnlineNum":null},{"longitude":"114.650463","latitude":"22.941354","deviceSum":128,"deviceOnlineNum":null},{"longitude":"116.678747","latitude":"23.460771","deviceSum":128,"deviceOnlineNum":null},{"longitude":"113.298935","latitude":"23.134153","deviceSum":256,"deviceOnlineNum":null},{"longitude":"114.470408","latitude":"22.773513","deviceSum":128,"deviceOnlineNum":null},{"longitude":"116.628747","latitude":"23.653228","deviceSum":128,"deviceOnlineNum":null},{"longitude":"113.497960","latitude":"22.977461","deviceSum":128,"deviceOnlineNum":null},{"longitude":"116.705773","latitude":"23.366365","deviceSum":128,"deviceOnlineNum":null},{"longitude":"116.178333","latitude":"24.651407","deviceSum":128,"deviceOnlineNum":null},{"longitude":"113.349993","latitude":"23.007019","deviceSum":128,"deviceOnlineNum":null},{"longitude":"114.724285","latitude":"22.976382","deviceSum":128,"deviceOnlineNum":null},{"longitude":"113.335404","latitude":"23.132926","deviceSum":128,"deviceOnlineNum":null},{"longitude":"113.298808","latitude":"23.133976","deviceSum":128,"deviceOnlineNum":null},{"longitude":"113.313857","latitude":"23.120435","deviceSum":128,"deviceOnlineNum":null},{"longitude":"116.178333","latitude":"24.651407","deviceSum":128,"deviceOnlineNum":null},{"longitude":"113.402460","latitude":"22.800460","deviceSum":128,"deviceOnlineNum":null},{"longitude":"116.151354","latitude":"23.653297","deviceSum":256,"deviceOnlineNum":null},{"longitude":"116.733770","latitude":"23.370437","deviceSum":128,"deviceOnlineNum":null},{"longitude":"116.708391","latitude":"23.911193","deviceSum":128,"deviceOnlineNum":null},{"longitude":"114.722693","latitude":"22.985097","deviceSum":128,"deviceOnlineNum":null},{"longitude":"113.921910","latitude":"22.925660","deviceSum":128,"deviceOnlineNum":null},{"longitude":"116.628747","latitude":"23.653228","deviceSum":128,"deviceOnlineNum":null},{"longitude":"112.235931","latitude":"22.712832","deviceSum":128,"deviceOnlineNum":null},{"longitude":"114.618011","latitude":"23.567674","deviceSum":128,"deviceOnlineNum":null},{"longitude":"113.326987","latitude":"23.121947","deviceSum":128,"deviceOnlineNum":null},{"longitude":"116.383499","latitude":"23.994221","deviceSum":128,"deviceOnlineNum":null},{"longitude":"113.797294","latitude":"23.042979","deviceSum":128,"deviceOnlineNum":null},{"longitude":"110.863822","latitude":"21.436689","deviceSum":128,"deviceOnlineNum":null},{"longitude":"113.671998","latitude":"23.010788","deviceSum":128,"deviceOnlineNum":null},{"longitude":"116.628747","latitude":"23.653231","deviceSum":128,"deviceOnlineNum":null},{"longitude":"115.254914","latitude":"24.099310","deviceSum":128,"deviceOnlineNum":null}],"statusCode":"OK","statusCodeValue":200}
